,KOM,median_Living_Area_per_Capita,"Climate change, short term-combined-cap",Particulate matter formation-combined-cap,Energy Consumption from Regressions (kWh/m2)
0,101,42.0,453.9068533164062,0.6652625497946314,100.05542762526906
1,147,50.0,532.1901586296,0.7822921022180542,99.68013669346524
2,151,41.0,1614.628545483365,0.6007377806766823,118.71239028750854
3,153,40.333333333333336,683.7989599255,0.6271418843868332,117.2393371144514
4,155,47.5,1906.4478731396,0.705613334764571,115.78966573779198
5,157,49.5,1517.0289641426853,0.7794999371103328,150.20939682256753
6,159,40.0,1488.33012428424,0.6064633129328907,151.00057743284455
7,161,42.0,1365.3021210038798,0.6570575463367317,117.43701957490497
8,163,41.0,1594.1370813773867,0.6105311730621006,152.84962874675043
9,165,35.333333333333336,375.024420843905,0.5290528696827884,114.8359345689371
10,167,38.75,1487.9677520341804,0.5926335503592097,153.4881964679482
11,169,41.5,634.12858121728,0.6830715258454982,116.85560057357095
12,173,41.0,1629.79488199968,0.621731308631827,139.63526796621477
13,175,39.125,1456.7554611045414,0.5860478784135367,153.93924827101645
14,183,37.75,1235.33801343459,0.5964897198980821,114.39575095254254
15,185,40.25,1632.0683799917465,0.5974795624457987,154.65759003145848
16,187,40.0,1028.096024444359,0.6112313939384117,113.07866611608638
17,190,45.66666666666666,1318.8198761472,0.6948792382546136,112.95827633025408
18,201,46.5,1657.8642464272798,0.6827252984505057,112.83975305272922
19,210,50.0,1625.74155809064,0.826535138625711,114.39575095254254
20,217,50.0,1596.4123481856402,0.8161446108721349,142.77229908596328
21,219,48.66666666666666,753.5630227699851,0.8243515111409605,115.14249101606904
22,223,56.29166666666667,2016.0489155010664,0.8342075221320615,115.9590198705793
23,230,51.4,2038.2047255232003,0.7895611084601374,147.27213880691397
24,240,45.66666666666666,1543.98334376072,0.7099717562346152,114.39575095254254
25,250,55.0,1504.3561463274666,0.8997222783951877,124.85011184191332
26,253,47.0,1631.191727424,0.7107588029211729,113.32522439747098
27,259,50.66666666666666,1694.1447812661,0.8430283301385776,117.2393371144514
28,260,53.0,1086.3624582888751,1.0472077436907314,156.12281693355212
29,265,47.0,887.7290267969199,0.7637767808653323,114.25399690658496
30,269,47.5,1291.721176277,0.728618772121776,111.85034134469576
31,270,59.0,1709.4962628831,1.2117380829192226,151.60369731167356
32,306,63.333333333333336,1830.05041213664,1.324252103089956,157.65322801117412
33,316,54.333333333333336,1982.7757861484,0.9812250190308084,152.64623310222083
34,320,58.5,1603.81595529856,1.1028995103834072,151.00057743284455
35,326,61.75,1129.1934323448502,1.3135697152356698,157.65322801117412
36,329,52.5,1179.421161183,0.9646487386191652,146.74775941086097
37,330,55.66666666666666,1594.6714715305998,0.9903489134467424,150.5165610594986
38,336,59.4,2141.842847074,1.159558548047888,151.96861017953648
39,340,58.333333333333336,1879.51525396326,1.187517909815459,157.0157326381509
40,350,52.0,1825.58460537832,1.015478050393552,149.3549217634683
41,360,67.0,1277.623331280925,1.3909290234807368,167.1280029927319
42,370,56.0,1476.4966671189,0.987715120811988,143.11875291109513
43,376,62.5,1017.9886862164502,1.2502615798874648,161.69733928379023
44,390,63.0,1908.7601666068,1.3565753057321963,162.15756502183615
45,400,64.0,1179.48878140963,1.3744612489883532,171.15523675441895
46,410,59.5,1089.0238368923333,1.009065665670719,149.3549217634683
47,420,64.0,1384.324683074775,1.224294625410135,156.2666755748486
48,430,61.75,1665.47526638688,1.1722481100289786,157.0157326381509
49,440,57.0,958.09354361126,0.9687387116664404,154.65759003145848
50,450,59.8,861.8412942743425,1.0254860021578165,154.2918887715971
51,461,48.0,543.9891628012188,0.7869860615086196,147.12470886790433
52,479,52.5,1586.73012428424,0.95237048337523,157.33002231506094
53,480,63.0,1466.145858838525,1.3037064266064111,156.12281693355212
54,482,71.5,1180.65711368055,1.4490426564593968,184.10951974068723
55,492,70.0,1497.2814933078598,1.539498284019532,185.97540639300672
56,510,64.0,1312.70908358943,1.0859683371078577,151.96861017953648
57,530,60.0,835.714373416545,1.0466707719194703,144.38848355383425
58,540,60.5,988.281285188315,1.0212957243520195,149.55968076380543
59,550,69.0,1420.98695602328,1.3564320746589225,155.43118885039604
60,561,55.5,668.2127029383676,0.9161554048208966,135.31432764815173
61,563,73.0,988.330441796945,1.2940259812312345,146.39274155859104
62,573,63.5,1061.0600962391586,1.22035070616518,152.25270674650042
63,575,63.5,1330.0407062017498,1.1882278743666403,151.69348508310824
64,580,62.4,1100.409246836095,1.0996309783900453,151.00057743284455
65,607,54.66666666666666,626.466723158,0.8984061626520579,116.85560057357095
66,615,52.5,810.8738581658499,0.8394292630641738,114.68665490772504
67,621,53.333333333333336,704.918806408,0.8787731788768509,119.17488735911203
68,630,55.75,888.3304105323675,0.9484051977571574,114.39575095254254
69,657,57.0,658.47556064676,0.9434836870137472,114.98785634804672
70,661,56.75,676.7728081971734,0.97208547049187,117.84461227687105
71,665,69.0,1043.5765105968585,1.3653506607075243,155.0370913388618
72,671,66.0,856.3313697031326,1.1947811230114405,148.12068001143612
73,706,60.0,990.21568142475,1.217745381961425,146.26487766485533
74,707,66.0,933.3367048720124,1.2682027235673772,153.05764701956488
75,710,56.0,846.14902679692,0.9869637924072192,117.04556915816524
76,727,59.5,756.1516262078131,1.012687058404346,112.95827633025408
77,730,58.0,820.69945461943,0.9819836535331676,116.85560057357095
78,740,55.0,830.98115918778,0.8958408790481445,113.32522439747098
79,741,72.25,2186.449090414835,1.7988334206596248,188.54620283672236
80,746,50.5,680.7358363845,0.8390741594665889,112.27367172723744
81,751,44.0,474.90004515473294,0.695347641895796,110.62941166524604
82,756,58.0,804.6177950892917,1.0339426624277412,117.84461227687105
83,760,65.0,930.58733057687,1.1714648363225382,147.1734712249928
84,766,62.5,1450.1598642963152,1.1229021890469535,120.6929659823753
85,773,69.25,1799.6259152429095,1.314649603935527,153.5989811213334
86,779,63.333333333333336,1300.54597978952,1.097957415598814,151.1685014807401
87,787,64.8,944.6112565216,1.1821759459040573,151.51484482952463
88,791,60.0,917.1136826544,1.0396382008383085,136.63676205273964
89,810,62.66666666666666,834.089931412175,1.1347193228768109,147.65676501443744
90,813,64.5,991.30166220384,1.1473745681220764,153.16343916973906
91,820,68.0,973.782157676525,1.2772960230779982,151.96861017953648
92,825,75.5,3239.9092156086663,1.8977287565567904,193.01763275889311
93,840,60.0,836.7160772933413,1.1058412549479986,118.05477726382232
94,846,63.875,1017.6721960464176,1.1545151857995777,145.44167366672409
95,849,65.5,1081.413780570825,1.2680544711021424,150.79548452479543
96,851,52.5,586.2243831684,0.8378831012299365,114.8359345689371
97,860,65.0,899.422941670515,1.171938669925702,151.7842229896904
